M2,M5,M14,M6,Heating System Type,Heating System,Flue,Efficiency,Heating_type,Responsiveness(R),HeatCode_4a,Rd_SAP,Tariff,basicefficiency,spaceheatingsystemtype,fluetype,mainheatingfuel,iscondensing,installationyear
Room heater,Gas (mains),Gas fire,old system,Room heater,"Gas fire, open flue, pre-1980 (open fronted)",OF,50,1,1,601,rd,0,50,room_heater,openflue,mains_gas,FALSE,1985
Room heater,Gas (mains),Gas fire,1998+,Room heater,"Gas fire, open flue, 1980 or later (open fronted), sitting proud of, and sealed to, fireplace opening",OF,63,1,1,603,rd,0,63,room_heater,openflue,mains_gas,FALSE,2005
Room heater,Gas (mains),Gas fire,pre 1998,Room heater,"Gas fire, open flue, 1980 or later (open fronted), sitting proud of, and sealed to, fireplace opening",OF,63,1,1,603,rd,0,63,room_heater,openflue,mains_gas,FALSE,1995
Room heater,Gas (mains),"Coal effect fire, flued",old system,Room heater,"Flush fitting Live Fuel Effect gas fire (open fronted), sealed to fireplace opening",OF,40,1,1,605,rd,0,40,room_heater,openflue,mains_gas,FALSE,1985
Room heater,Gas (mains),Balanced,old system,Room heater,"Gas fire or wall heater, balanced flue",BF,58,1,1,609,rd,0,58,room_heater,balancedflue,mains_gas,FALSE,1985
Room heater,Gas (mains),Closed,old system,Room heater,"Gas fire, closed fronted, fan assisted",BF,72,1,1,610,rd,0,72,room_heater,balancedflue,mains_gas,FALSE,1985
Room heater,Gas (mains),Condensing,old system,Room heater,Condensing gas fire,BF,85,1,1,611,rd,0,85,room_heater,balancedflue,mains_gas,FALSE,1985
Room heater,Gas (mains),Decorative,old system,Room heater,"Decorative Fuel Effect gas fire, open to chimney",C,20,1,1,612,rd,0,20,room_heater,chimney,mains_gas,FALSE,1985
Room heater,Gas (mains),Flueless,old system,Room heater,"Flueless gas fire, secondary heating only",none,90,1,1,613,rd,0,90,room_heater,notapplicable,mains_gas,FALSE,1985
Room heater,Gas (mains),"Coal effect fire, flued",1998+,Room heater,"Flush fitting Live Fuel Effect gas fire (open fronted), sealed to fireplace opening",OF,40,1,1,605,rd,0,40,room_heater,openflue,mains_gas,FALSE,2005
Room heater,Gas (mains),Balanced,1998+,Room heater,"Gas fire or wall heater, balanced flue",BF,58,1,1,609,rd,0,58,room_heater,balancedflue,mains_gas,FALSE,2005
Room heater,Gas (mains),Closed,1998+,Room heater,"Gas fire, closed fronted, fan assisted",BF,72,1,1,610,rd,0,72,room_heater,balancedflue,mains_gas,FALSE,2005
Room heater,Gas (mains),Condensing,1998+,Room heater,Condensing gas fire,BF,85,1,1,611,rd,0,85,room_heater,balancedflue,mains_gas,FALSE,2005
Room heater,Gas (mains),Decorative,1998+,Room heater,"Decorative Fuel Effect gas fire, open to chimney",C,20,1,1,612,rd,0,20,room_heater,chimney,mains_gas,FALSE,2005
Room heater,Gas (mains),Flueless,1998+,Room heater,"Flueless gas fire, secondary heating only",none,90,1,1,613,rd,0,90,room_heater,notapplicable,mains_gas,FALSE,2005
Room heater,Gas (mains),"Coal effect fire, flued",pre 1998,Room heater,"Flush fitting Live Fuel Effect gas fire (open fronted), sealed to fireplace opening",OF,40,1,1,605,rd,0,40,room_heater,openflue,mains_gas,FALSE,1995
Room heater,Gas (mains),Balanced,pre 1998,Room heater,"Gas fire or wall heater, balanced flue",BF,58,1,1,609,rd,0,58,room_heater,balancedflue,mains_gas,FALSE,1995
Room heater,Gas (mains),Closed,pre 1998,Room heater,"Gas fire, closed fronted, fan assisted",BF,72,1,1,610,rd,0,72,room_heater,balancedflue,mains_gas,FALSE,1995
Room heater,Gas (mains),Condensing,pre 1998,Room heater,Condensing gas fire,BF,85,1,1,611,rd,0,85,room_heater,balancedflue,mains_gas,FALSE,1995
Room heater,Gas (mains),Decorative,pre 1998,Room heater,"Decorative Fuel Effect gas fire, open to chimney",C,20,1,1,612,rd,0,20,room_heater,chimney,mains_gas,FALSE,1995
Room heater,Gas (mains),Flueless,pre 1998,Room heater,"Flueless gas fire, secondary heating only",none,90,1,1,613,rd,0,90,room_heater,notapplicable,mains_gas,FALSE,1995
Room heater,Gas (mains),"Coal effect fire, flued",Other,Room heater,"Flush fitting Live Fuel Effect gas fire (open fronted), sealed to fireplace opening",OF,40,1,1,605,rd,0,40,room_heater,openflue,mains_gas,FALSE,1995
Room heater,Gas (mains),Balanced,Other,Room heater,"Gas fire or wall heater, balanced flue",BF,58,1,1,609,rd,0,58,room_heater,balancedflue,mains_gas,FALSE,1995
Room heater,Gas (mains),Closed,Other,Room heater,"Gas fire, closed fronted, fan assisted",BF,72,1,1,610,rd,0,72,room_heater,balancedflue,mains_gas,FALSE,1995
Room heater,Gas (mains),Condensing,Other,Room heater,Condensing gas fire,BF,85,1,1,611,rd,0,85,room_heater,balancedflue,mains_gas,FALSE,1995
Room heater,Gas (mains),Decorative,Other,Room heater,"Decorative Fuel Effect gas fire, open to chimney",C,20,1,1,612,rd,0,20,room_heater,chimney,mains_gas,FALSE,1995
Room heater,Gas (mains),Flueless,Other,Room heater,"Flueless gas fire, secondary heating only",none,90,1,1,613,rd,0,90,room_heater,notapplicable,mains_gas,FALSE,1995
Room heater,Bulk LPG,Gas fire,old system,Room heater,"Gas fire, open flue, pre-1980 (open fronted)",OF,50,1,1,601,rd,0,50,room_heater,openflue,bulk_lpg,FALSE,1985
Room heater,Bulk LPG,Gas fire,1998+,Room heater,"Gas fire, open flue, 1980 or later (open fronted), sitting proud of, and sealed to, fireplace opening",OF,63,1,1,603,rd,0,63,room_heater,openflue,bulk_lpg,FALSE,2005
Room heater,Bulk LPG,Gas fire,pre 1998,Room heater,"Gas fire, open flue, 1980 or later (open fronted), sitting proud of, and sealed to, fireplace opening",OF,63,1,1,603,rd,0,63,room_heater,openflue,bulk_lpg,FALSE,1995
Room heater,Bulk LPG,"Coal effect fire, flued",old system,Room heater,"Flush fitting Live Fuel Effect gas fire (open fronted), sealed to fireplace opening",OF,40,1,1,605,rd,0,40,room_heater,openflue,bulk_lpg,FALSE,1985
Room heater,Bulk LPG,Balanced,old system,Room heater,"Gas fire or wall heater, balanced flue",BF,58,1,1,609,rd,0,58,room_heater,balancedflue,bulk_lpg,FALSE,1985
Room heater,Bulk LPG,Closed,old system,Room heater,"Gas fire, closed fronted, fan assisted",BF,72,1,1,610,rd,0,72,room_heater,balancedflue,bulk_lpg,FALSE,1985
Room heater,Bulk LPG,Condensing,old system,Room heater,Condensing gas fire,BF,85,1,1,611,rd,0,85,room_heater,balancedflue,bulk_lpg,FALSE,1985
Room heater,Bulk LPG,Decorative,old system,Room heater,"Decorative Fuel Effect gas fire, open to chimney",C,20,1,1,612,rd,0,20,room_heater,chimney,bulk_lpg,FALSE,1985
Room heater,Bulk LPG,Flueless,old system,Room heater,"Flueless gas fire, secondary heating only",none,90,1,1,613,rd,0,90,room_heater,notapplicable,bulk_lpg,FALSE,1985
Room heater,Bulk LPG,"Coal effect fire, flued",1998+,Room heater,"Flush fitting Live Fuel Effect gas fire (open fronted), sealed to fireplace opening",OF,40,1,1,605,rd,0,40,room_heater,openflue,bulk_lpg,FALSE,2005
Room heater,Bulk LPG,Balanced,1998+,Room heater,"Gas fire or wall heater, balanced flue",BF,58,1,1,609,rd,0,58,room_heater,balancedflue,bulk_lpg,FALSE,2005
Room heater,Bulk LPG,Closed,1998+,Room heater,"Gas fire, closed fronted, fan assisted",BF,72,1,1,610,rd,0,72,room_heater,balancedflue,bulk_lpg,FALSE,2005
Room heater,Bulk LPG,Condensing,1998+,Room heater,Condensing gas fire,BF,85,1,1,611,rd,0,85,room_heater,balancedflue,bulk_lpg,FALSE,2005
Room heater,Bulk LPG,Decorative,1998+,Room heater,"Decorative Fuel Effect gas fire, open to chimney",C,20,1,1,612,rd,0,20,room_heater,chimney,bulk_lpg,FALSE,2005
Room heater,Bulk LPG,Flueless,1998+,Room heater,"Flueless gas fire, secondary heating only",none,90,1,1,613,rd,0,90,room_heater,notapplicable,bulk_lpg,FALSE,2005
Room heater,Bulk LPG,"Coal effect fire, flued",pre 1998,Room heater,"Flush fitting Live Fuel Effect gas fire (open fronted), sealed to fireplace opening",OF,40,1,1,605,rd,0,40,room_heater,openflue,bulk_lpg,FALSE,1995
Room heater,Bulk LPG,Balanced,pre 1998,Room heater,"Gas fire or wall heater, balanced flue",BF,58,1,1,609,rd,0,58,room_heater,balancedflue,bulk_lpg,FALSE,1995
Room heater,Bulk LPG,Closed,pre 1998,Room heater,"Gas fire, closed fronted, fan assisted",BF,72,1,1,610,rd,0,72,room_heater,balancedflue,bulk_lpg,FALSE,1995
Room heater,Bulk LPG,Condensing,pre 1998,Room heater,Condensing gas fire,BF,85,1,1,611,rd,0,85,room_heater,balancedflue,bulk_lpg,FALSE,1995
Room heater,Bulk LPG,Decorative,pre 1998,Room heater,"Decorative Fuel Effect gas fire, open to chimney",C,20,1,1,612,rd,0,20,room_heater,chimney,bulk_lpg,FALSE,1995
Room heater,Bulk LPG,Flueless,pre 1998,Room heater,"Flueless gas fire, secondary heating only",none,90,1,1,613,rd,0,90,room_heater,notapplicable,bulk_lpg,FALSE,1995
Room heater,Bulk LPG,"Coal effect fire, flued",Other,Room heater,"Flush fitting Live Fuel Effect gas fire (open fronted), sealed to fireplace opening",OF,40,1,1,605,rd,0,40,room_heater,openflue,mains_gas,FALSE,1995
Room heater,Bulk LPG,Balanced,Other,Room heater,"Gas fire or wall heater, balanced flue",BF,58,1,1,609,rd,0,58,room_heater,balancedflue,mains_gas,FALSE,1995
Room heater,Bulk LPG,Closed,Other,Room heater,"Gas fire, closed fronted, fan assisted",BF,72,1,1,610,rd,0,72,room_heater,balancedflue,mains_gas,FALSE,1995
Room heater,Bulk LPG,Condensing,Other,Room heater,Condensing gas fire,BF,85,1,1,611,rd,0,85,room_heater,balancedflue,mains_gas,FALSE,1995
Room heater,Bulk LPG,Decorative,Other,Room heater,"Decorative Fuel Effect gas fire, open to chimney",C,20,1,1,612,rd,0,20,room_heater,chimney,mains_gas,FALSE,1995
Room heater,Bulk LPG,Flueless,Other,Room heater,"Flueless gas fire, secondary heating only",none,90,1,1,613,rd,0,90,room_heater,notapplicable,mains_gas,FALSE,1995
Room heater,Bottled gas,Gas fire,old system,Room heater,"Gas fire, open flue, pre-1980 (open fronted)",OF,50,1,1,601,rd,0,50,room_heater,openflue,bottled_lpg,FALSE,1985
Room heater,Bottled gas,Gas fire,1998+,Room heater,"Gas fire, open flue, 1980 or later (open fronted), sitting proud of, and sealed to, fireplace opening",OF,63,1,1,603,rd,0,63,room_heater,openflue,bottled_lpg,FALSE,2005
Room heater,Bottled gas,Gas fire,pre 1998,Room heater,"Gas fire, open flue, 1980 or later (open fronted), sitting proud of, and sealed to, fireplace opening",OF,63,1,1,603,rd,0,63,room_heater,openflue,bottled_lpg,FALSE,1995
Room heater,Bottled gas,"Coal effect fire, flued",old system,Room heater,"Flush fitting Live Fuel Effect gas fire (open fronted), sealed to fireplace opening",OF,40,1,1,605,rd,0,40,room_heater,openflue,bottled_lpg,FALSE,1985
Room heater,Bottled gas,Balanced,old system,Room heater,"Gas fire or wall heater, balanced flue",BF,58,1,1,609,rd,0,58,room_heater,balancedflue,bottled_lpg,FALSE,1985
Room heater,Bottled gas,Closed,old system,Room heater,"Gas fire, closed fronted, fan assisted",BF,72,1,1,610,rd,0,72,room_heater,balancedflue,bottled_lpg,FALSE,1985
Room heater,Bottled gas,Condensing,old system,Room heater,Condensing gas fire,BF,85,1,1,611,rd,0,85,room_heater,balancedflue,bottled_lpg,FALSE,1985
Room heater,Bottled gas,Decorative,old system,Room heater,"Decorative Fuel Effect gas fire, open to chimney",C,20,1,1,612,rd,0,20,room_heater,chimney,bottled_lpg,FALSE,1985
Room heater,Bottled gas,Flueless,old system,Room heater,"Flueless gas fire, secondary heating only",none,90,1,1,613,rd,0,90,room_heater,notapplicable,bottled_lpg,FALSE,1985
Room heater,Bottled gas,"Coal effect fire, flued",1998+,Room heater,"Flush fitting Live Fuel Effect gas fire (open fronted), sealed to fireplace opening",OF,40,1,1,605,rd,0,40,room_heater,openflue,bottled_lpg,FALSE,2005
Room heater,Bottled gas,Balanced,1998+,Room heater,"Gas fire or wall heater, balanced flue",BF,58,1,1,609,rd,0,58,room_heater,balancedflue,bottled_lpg,FALSE,2005
Room heater,Bottled gas,Closed,1998+,Room heater,"Gas fire, closed fronted, fan assisted",BF,72,1,1,610,rd,0,72,room_heater,balancedflue,bottled_lpg,FALSE,2005
Room heater,Bottled gas,Condensing,1998+,Room heater,Condensing gas fire,BF,85,1,1,611,rd,0,85,room_heater,balancedflue,bottled_lpg,FALSE,2005
Room heater,Bottled gas,Decorative,1998+,Room heater,"Decorative Fuel Effect gas fire, open to chimney",C,20,1,1,612,rd,0,20,room_heater,chimney,bottled_lpg,FALSE,2005
Room heater,Bottled gas,Flueless,1998+,Room heater,"Flueless gas fire, secondary heating only",none,90,1,1,613,rd,0,90,room_heater,notapplicable,bottled_lpg,FALSE,2005
Room heater,Bottled gas,"Coal effect fire, flued",pre 1998,Room heater,"Flush fitting Live Fuel Effect gas fire (open fronted), sealed to fireplace opening",OF,40,1,1,605,rd,0,40,room_heater,openflue,bottled_lpg,FALSE,1995
Room heater,Bottled gas,Balanced,pre 1998,Room heater,"Gas fire or wall heater, balanced flue",BF,58,1,1,609,rd,0,58,room_heater,balancedflue,bottled_lpg,FALSE,1995
Room heater,Bottled gas,Closed,pre 1998,Room heater,"Gas fire, closed fronted, fan assisted",BF,72,1,1,610,rd,0,72,room_heater,balancedflue,bottled_lpg,FALSE,1995
Room heater,Bottled gas,Condensing,pre 1998,Room heater,Condensing gas fire,BF,85,1,1,611,rd,0,85,room_heater,balancedflue,bottled_lpg,FALSE,1995
Room heater,Bottled gas,Decorative,pre 1998,Room heater,"Decorative Fuel Effect gas fire, open to chimney",C,20,1,1,612,rd,0,20,room_heater,chimney,bottled_lpg,FALSE,1995
Room heater,Bottled gas,Flueless,pre 1998,Room heater,"Flueless gas fire, secondary heating only",none,90,1,1,613,rd,0,90,room_heater,notapplicable,bottled_lpg,FALSE,1995
Room heater,Bottled gas,"Coal effect fire, flued",Other,Room heater,"Flush fitting Live Fuel Effect gas fire (open fronted), sealed to fireplace opening",OF,40,1,1,605,rd,0,40,room_heater,openflue,mains_gas,FALSE,1995
Room heater,Bottled gas,Balanced,Other,Room heater,"Gas fire or wall heater, balanced flue",BF,58,1,1,609,rd,0,58,room_heater,balancedflue,mains_gas,FALSE,1995
Room heater,Bottled gas,Closed,Other,Room heater,"Gas fire, closed fronted, fan assisted",BF,72,1,1,610,rd,0,72,room_heater,balancedflue,mains_gas,FALSE,1995
Room heater,Bottled gas,Condensing,Other,Room heater,Condensing gas fire,BF,85,1,1,611,rd,0,85,room_heater,balancedflue,mains_gas,FALSE,1995
Room heater,Bottled gas,Decorative,Other,Room heater,"Decorative Fuel Effect gas fire, open to chimney",C,20,1,1,612,rd,0,20,room_heater,chimney,mains_gas,FALSE,1995
Room heater,Bottled gas,Flueless,Other,Room heater,"Flueless gas fire, secondary heating only",none,90,1,1,613,rd,0,90,room_heater,notapplicable,mains_gas,FALSE,1995
Room heater,Gas (mains),Gas fire,Not applicable,Room heater,"Gas fire, open flue, pre-1980 (open fronted)",OF,50,1,1,601,rd,0,50,room_heater,openflue,mains_gas,FALSE,1980
Room heater,Gas (mains),"Coal effect fire, flued",Not applicable,Room heater,"Flush fitting Live Fuel Effect gas fire (open fronted), sealed to fireplace opening",OF,40,1,1,605,rd,0,40,room_heater,openflue,mains_gas,FALSE,1980
Room heater,Gas (mains),Balanced,Not applicable,Room heater,"Gas fire or wall heater, balanced flue",BF,58,1,1,609,rd,0,58,room_heater,balancedflue,mains_gas,FALSE,1980
Room heater,Gas (mains),Closed,Not applicable,Room heater,"Gas fire, closed fronted, fan assisted",BF,72,1,1,610,rd,0,72,room_heater,balancedflue,mains_gas,FALSE,1980
Room heater,Gas (mains),Condensing,Not applicable,Room heater,Condensing gas fire,BF,85,1,1,611,rd,0,85,room_heater,balancedflue,mains_gas,FALSE,1980
Room heater,Gas (mains),Decorative,Not applicable,Room heater,"Decorative Fuel Effect gas fire, open to chimney",C,20,1,1,612,rd,0,20,room_heater,chimney,mains_gas,FALSE,1980
Room heater,Gas (mains),Flueless,Not applicable,Room heater,"Flueless gas fire, secondary heating only",none,90,1,1,613,rd,0,90,room_heater,notapplicable,mains_gas,FALSE,1980
Room heater,Bulk LPG,Gas fire,Not applicable,Room heater,"Gas fire, open flue, pre-1980 (open fronted)",OF,50,1,1,601,rd,0,50,room_heater,openflue,bulk_lpg,FALSE,1980
Room heater,Bulk LPG,"Coal effect fire, flued",Not applicable,Room heater,"Flush fitting Live Fuel Effect gas fire (open fronted), sealed to fireplace opening",OF,40,1,1,605,rd,0,40,room_heater,openflue,bulk_lpg,FALSE,1980
Room heater,Bulk LPG,Balanced,Not applicable,Room heater,"Gas fire or wall heater, balanced flue",BF,58,1,1,609,rd,0,58,room_heater,balancedflue,bulk_lpg,FALSE,1980
Room heater,Bulk LPG,Closed,Not applicable,Room heater,"Gas fire, closed fronted, fan assisted",BF,72,1,1,610,rd,0,72,room_heater,balancedflue,bulk_lpg,FALSE,1980
Room heater,Bulk LPG,Condensing,Not applicable,Room heater,Condensing gas fire,BF,85,1,1,611,rd,0,85,room_heater,balancedflue,bulk_lpg,FALSE,1980
Room heater,Bulk LPG,Decorative,Not applicable,Room heater,"Decorative Fuel Effect gas fire, open to chimney",C,20,1,1,612,rd,0,20,room_heater,chimney,bulk_lpg,FALSE,1980
Room heater,Bulk LPG,Flueless,Not applicable,Room heater,"Flueless gas fire, secondary heating only",none,90,1,1,613,rd,0,90,room_heater,notapplicable,bulk_lpg,FALSE,1980
Room heater,Bottled gas,Gas fire,Not applicable,Room heater,"Gas fire, open flue, pre-1980 (open fronted)",OF,50,1,1,601,rd,0,50,room_heater,openflue,bottled_lpg,FALSE,1980
Room heater,Bottled gas,"Coal effect fire, flued",Not applicable,Room heater,"Flush fitting Live Fuel Effect gas fire (open fronted), sealed to fireplace opening",OF,40,1,1,605,rd,0,40,room_heater,openflue,bottled_lpg,FALSE,1980
Room heater,Bottled gas,Balanced,Not applicable,Room heater,"Gas fire or wall heater, balanced flue",BF,58,1,1,609,rd,0,58,room_heater,balancedflue,bottled_lpg,FALSE,1980
Room heater,Bottled gas,Closed,Not applicable,Room heater,"Gas fire, closed fronted, fan assisted",BF,72,1,1,610,rd,0,72,room_heater,balancedflue,bottled_lpg,FALSE,1980
Room heater,Bottled gas,Condensing,Not applicable,Room heater,Condensing gas fire,BF,85,1,1,611,rd,0,85,room_heater,balancedflue,bottled_lpg,FALSE,1980
Room heater,Bottled gas,Decorative,Not applicable,Room heater,"Decorative Fuel Effect gas fire, open to chimney",C,20,1,1,612,rd,0,20,room_heater,chimney,bottled_lpg,FALSE,1980
Room heater,Bottled gas,Flueless,Not applicable,Room heater,"Flueless gas fire, secondary heating only",none,90,1,1,613,rd,0,90,room_heater,notapplicable,bottled_lpg,FALSE,1980
Room heater (bb no rads),Gas (mains),Gas fire,old system,Room heater,"Gas fire, open flue, pre-1980 (open fronted)",OF,50,1,1,601,rd,0,50,room_heater,openflue,mains_gas,FALSE,1985
Room heater (bb no rads),Gas (mains),Gas fire,1998+,Room heater,"Gas fire, open flue, 1980 or later (open fronted), sitting proud of, and sealed to, fireplace opening",OF,63,1,1,603,rd,0,63,room_heater,openflue,mains_gas,FALSE,2005
Room heater (bb no rads),Gas (mains),Gas fire,pre 1998,Room heater,"Gas fire, open flue, 1980 or later (open fronted), sitting proud of, and sealed to, fireplace opening",OF,63,1,1,603,rd,0,63,room_heater,openflue,mains_gas,FALSE,1995
Room heater (bb no rads),Gas (mains),"Coal effect fire, flued",old system,Room heater,"Flush fitting Live Fuel Effect gas fire (open fronted), sealed to fireplace opening",OF,40,1,1,605,rd,0,40,room_heater,openflue,mains_gas,FALSE,1985
Room heater (bb no rads),Gas (mains),Balanced,old system,Room heater,"Gas fire or wall heater, balanced flue",BF,58,1,1,609,rd,0,58,room_heater,balancedflue,mains_gas,FALSE,1985
Room heater (bb no rads),Gas (mains),Closed,old system,Room heater,"Gas fire, closed fronted, fan assisted",BF,72,1,1,610,rd,0,72,room_heater,balancedflue,mains_gas,FALSE,1985
Room heater (bb no rads),Gas (mains),Condensing,old system,Room heater,Condensing gas fire,BF,85,1,1,611,rd,0,85,room_heater,balancedflue,mains_gas,FALSE,1985
Room heater (bb no rads),Gas (mains),Decorative,old system,Room heater,"Decorative Fuel Effect gas fire, open to chimney",C,20,1,1,612,rd,0,20,room_heater,chimney,mains_gas,FALSE,1985
Room heater (bb no rads),Gas (mains),Flueless,old system,Room heater,"Flueless gas fire, secondary heating only",none,90,1,1,613,rd,0,90,room_heater,notapplicable,mains_gas,FALSE,1985
Room heater (bb no rads),Gas (mains),"Coal effect fire, flued",1998+,Room heater,"Flush fitting Live Fuel Effect gas fire (open fronted), sealed to fireplace opening",OF,40,1,1,605,rd,0,40,room_heater,openflue,mains_gas,FALSE,2005
Room heater (bb no rads),Gas (mains),Balanced,1998+,Room heater,"Gas fire or wall heater, balanced flue",BF,58,1,1,609,rd,0,58,room_heater,balancedflue,mains_gas,FALSE,2005
Room heater (bb no rads),Gas (mains),Closed,1998+,Room heater,"Gas fire, closed fronted, fan assisted",BF,72,1,1,610,rd,0,72,room_heater,balancedflue,mains_gas,FALSE,2005
Room heater (bb no rads),Gas (mains),Condensing,1998+,Room heater,Condensing gas fire,BF,85,1,1,611,rd,0,85,room_heater,balancedflue,mains_gas,FALSE,2005
Room heater (bb no rads),Gas (mains),Decorative,1998+,Room heater,"Decorative Fuel Effect gas fire, open to chimney",C,20,1,1,612,rd,0,20,room_heater,chimney,mains_gas,FALSE,2005
Room heater (bb no rads),Gas (mains),Flueless,1998+,Room heater,"Flueless gas fire, secondary heating only",none,90,1,1,613,rd,0,90,room_heater,notapplicable,mains_gas,FALSE,2005
Room heater (bb no rads),Gas (mains),"Coal effect fire, flued",pre 1998,Room heater,"Flush fitting Live Fuel Effect gas fire (open fronted), sealed to fireplace opening",OF,40,1,1,605,rd,0,40,room_heater,openflue,mains_gas,FALSE,1995
Room heater (bb no rads),Gas (mains),Balanced,pre 1998,Room heater,"Gas fire or wall heater, balanced flue",BF,58,1,1,609,rd,0,58,room_heater,balancedflue,mains_gas,FALSE,1995
Room heater (bb no rads),Gas (mains),Closed,pre 1998,Room heater,"Gas fire, closed fronted, fan assisted",BF,72,1,1,610,rd,0,72,room_heater,balancedflue,mains_gas,FALSE,1995
Room heater (bb no rads),Gas (mains),Condensing,pre 1998,Room heater,Condensing gas fire,BF,85,1,1,611,rd,0,85,room_heater,balancedflue,mains_gas,FALSE,1995
Room heater (bb no rads),Gas (mains),Decorative,pre 1998,Room heater,"Decorative Fuel Effect gas fire, open to chimney",C,20,1,1,612,rd,0,20,room_heater,chimney,mains_gas,FALSE,1995
Room heater (bb no rads),Gas (mains),Flueless,pre 1998,Room heater,"Flueless gas fire, secondary heating only",none,90,1,1,613,rd,0,90,room_heater,notapplicable,mains_gas,FALSE,1995
Room heater (bb no rads),Gas (mains),"Coal effect fire, flued",Other,Room heater,"Flush fitting Live Fuel Effect gas fire (open fronted), sealed to fireplace opening",OF,40,1,1,605,rd,0,40,room_heater,openflue,mains_gas,FALSE,1995
Room heater (bb no rads),Gas (mains),Balanced,Other,Room heater,"Gas fire or wall heater, balanced flue",BF,58,1,1,609,rd,0,58,room_heater,balancedflue,mains_gas,FALSE,1995
Room heater (bb no rads),Gas (mains),Closed,Other,Room heater,"Gas fire, closed fronted, fan assisted",BF,72,1,1,610,rd,0,72,room_heater,balancedflue,mains_gas,FALSE,1995
Room heater (bb no rads),Gas (mains),Condensing,Other,Room heater,Condensing gas fire,BF,85,1,1,611,rd,0,85,room_heater,balancedflue,mains_gas,FALSE,1995
Room heater (bb no rads),Gas (mains),Decorative,Other,Room heater,"Decorative Fuel Effect gas fire, open to chimney",C,20,1,1,612,rd,0,20,room_heater,chimney,mains_gas,FALSE,1995
Room heater (bb no rads),Gas (mains),Flueless,Other,Room heater,"Flueless gas fire, secondary heating only",none,90,1,1,613,rd,0,90,room_heater,notapplicable,mains_gas,FALSE,1995
Room heater (bb no rads),Bulk LPG,Gas fire,old system,Room heater,"Gas fire, open flue, pre-1980 (open fronted)",OF,50,1,1,601,rd,0,50,room_heater,openflue,bulk_lpg,FALSE,1985
Room heater (bb no rads),Bulk LPG,Gas fire,1998+,Room heater,"Gas fire, open flue, 1980 or later (open fronted), sitting proud of, and sealed to, fireplace opening",OF,63,1,1,603,rd,0,63,room_heater,openflue,bulk_lpg,FALSE,2005
Room heater (bb no rads),Bulk LPG,Gas fire,pre 1998,Room heater,"Gas fire, open flue, 1980 or later (open fronted), sitting proud of, and sealed to, fireplace opening",OF,63,1,1,603,rd,0,63,room_heater,openflue,bulk_lpg,FALSE,1995
Room heater (bb no rads),Bulk LPG,"Coal effect fire, flued",old system,Room heater,"Flush fitting Live Fuel Effect gas fire (open fronted), sealed to fireplace opening",OF,40,1,1,605,rd,0,40,room_heater,openflue,bulk_lpg,FALSE,1985
Room heater (bb no rads),Bulk LPG,Balanced,old system,Room heater,"Gas fire or wall heater, balanced flue",BF,58,1,1,609,rd,0,58,room_heater,balancedflue,bulk_lpg,FALSE,1985
Room heater (bb no rads),Bulk LPG,Closed,old system,Room heater,"Gas fire, closed fronted, fan assisted",BF,72,1,1,610,rd,0,72,room_heater,balancedflue,bulk_lpg,FALSE,1985
Room heater (bb no rads),Bulk LPG,Condensing,old system,Room heater,Condensing gas fire,BF,85,1,1,611,rd,0,85,room_heater,balancedflue,bulk_lpg,FALSE,1985
Room heater (bb no rads),Bulk LPG,Decorative,old system,Room heater,"Decorative Fuel Effect gas fire, open to chimney",C,20,1,1,612,rd,0,20,room_heater,chimney,bulk_lpg,FALSE,1985
Room heater (bb no rads),Bulk LPG,Flueless,old system,Room heater,"Flueless gas fire, secondary heating only",none,90,1,1,613,rd,0,90,room_heater,notapplicable,bulk_lpg,FALSE,1985
Room heater (bb no rads),Bulk LPG,"Coal effect fire, flued",1998+,Room heater,"Flush fitting Live Fuel Effect gas fire (open fronted), sealed to fireplace opening",OF,40,1,1,605,rd,0,40,room_heater,openflue,bulk_lpg,FALSE,2005
Room heater (bb no rads),Bulk LPG,Balanced,1998+,Room heater,"Gas fire or wall heater, balanced flue",BF,58,1,1,609,rd,0,58,room_heater,balancedflue,bulk_lpg,FALSE,2005
Room heater (bb no rads),Bulk LPG,Closed,1998+,Room heater,"Gas fire, closed fronted, fan assisted",BF,72,1,1,610,rd,0,72,room_heater,balancedflue,bulk_lpg,FALSE,2005
Room heater (bb no rads),Bulk LPG,Condensing,1998+,Room heater,Condensing gas fire,BF,85,1,1,611,rd,0,85,room_heater,balancedflue,bulk_lpg,FALSE,2005
Room heater (bb no rads),Bulk LPG,Decorative,1998+,Room heater,"Decorative Fuel Effect gas fire, open to chimney",C,20,1,1,612,rd,0,20,room_heater,chimney,bulk_lpg,FALSE,2005
Room heater (bb no rads),Bulk LPG,Flueless,1998+,Room heater,"Flueless gas fire, secondary heating only",none,90,1,1,613,rd,0,90,room_heater,notapplicable,bulk_lpg,FALSE,2005
Room heater (bb no rads),Bulk LPG,"Coal effect fire, flued",pre 1998,Room heater,"Flush fitting Live Fuel Effect gas fire (open fronted), sealed to fireplace opening",OF,40,1,1,605,rd,0,40,room_heater,openflue,bulk_lpg,FALSE,1995
Room heater (bb no rads),Bulk LPG,Balanced,pre 1998,Room heater,"Gas fire or wall heater, balanced flue",BF,58,1,1,609,rd,0,58,room_heater,balancedflue,bulk_lpg,FALSE,1995
Room heater (bb no rads),Bulk LPG,Closed,pre 1998,Room heater,"Gas fire, closed fronted, fan assisted",BF,72,1,1,610,rd,0,72,room_heater,balancedflue,bulk_lpg,FALSE,1995
Room heater (bb no rads),Bulk LPG,Condensing,pre 1998,Room heater,Condensing gas fire,BF,85,1,1,611,rd,0,85,room_heater,balancedflue,bulk_lpg,FALSE,1995
Room heater (bb no rads),Bulk LPG,Decorative,pre 1998,Room heater,"Decorative Fuel Effect gas fire, open to chimney",C,20,1,1,612,rd,0,20,room_heater,chimney,bulk_lpg,FALSE,1995
Room heater (bb no rads),Bulk LPG,Flueless,pre 1998,Room heater,"Flueless gas fire, secondary heating only",none,90,1,1,613,rd,0,90,room_heater,notapplicable,bulk_lpg,FALSE,1995
Room heater (bb no rads),Bulk LPG,"Coal effect fire, flued",Other,Room heater,"Flush fitting Live Fuel Effect gas fire (open fronted), sealed to fireplace opening",OF,40,1,1,605,rd,0,40,room_heater,openflue,mains_gas,FALSE,1995
Room heater (bb no rads),Bulk LPG,Balanced,Other,Room heater,"Gas fire or wall heater, balanced flue",BF,58,1,1,609,rd,0,58,room_heater,balancedflue,mains_gas,FALSE,1995
Room heater (bb no rads),Bulk LPG,Closed,Other,Room heater,"Gas fire, closed fronted, fan assisted",BF,72,1,1,610,rd,0,72,room_heater,balancedflue,mains_gas,FALSE,1995
Room heater (bb no rads),Bulk LPG,Condensing,Other,Room heater,Condensing gas fire,BF,85,1,1,611,rd,0,85,room_heater,balancedflue,mains_gas,FALSE,1995
Room heater (bb no rads),Bulk LPG,Decorative,Other,Room heater,"Decorative Fuel Effect gas fire, open to chimney",C,20,1,1,612,rd,0,20,room_heater,chimney,mains_gas,FALSE,1995
Room heater (bb no rads),Bulk LPG,Flueless,Other,Room heater,"Flueless gas fire, secondary heating only",none,90,1,1,613,rd,0,90,room_heater,notapplicable,mains_gas,FALSE,1995
Room heater (bb no rads),Bottled gas,Gas fire,old system,Room heater,"Gas fire, open flue, pre-1980 (open fronted)",OF,50,1,1,601,rd,0,50,room_heater,openflue,bottled_lpg,FALSE,1985
Room heater (bb no rads),Bottled gas,Gas fire,1998+,Room heater,"Gas fire, open flue, 1980 or later (open fronted), sitting proud of, and sealed to, fireplace opening",OF,63,1,1,603,rd,0,63,room_heater,openflue,bottled_lpg,FALSE,2005
Room heater (bb no rads),Bottled gas,Gas fire,pre 1998,Room heater,"Gas fire, open flue, 1980 or later (open fronted), sitting proud of, and sealed to, fireplace opening",OF,63,1,1,603,rd,0,63,room_heater,openflue,bottled_lpg,FALSE,1995
Room heater (bb no rads),Bottled gas,"Coal effect fire, flued",old system,Room heater,"Flush fitting Live Fuel Effect gas fire (open fronted), sealed to fireplace opening",OF,40,1,1,605,rd,0,40,room_heater,openflue,bottled_lpg,FALSE,1985
Room heater (bb no rads),Bottled gas,Balanced,old system,Room heater,"Gas fire or wall heater, balanced flue",BF,58,1,1,609,rd,0,58,room_heater,balancedflue,bottled_lpg,FALSE,1985
Room heater (bb no rads),Bottled gas,Closed,old system,Room heater,"Gas fire, closed fronted, fan assisted",BF,72,1,1,610,rd,0,72,room_heater,balancedflue,bottled_lpg,FALSE,1985
Room heater (bb no rads),Bottled gas,Condensing,old system,Room heater,Condensing gas fire,BF,85,1,1,611,rd,0,85,room_heater,balancedflue,bottled_lpg,FALSE,1985
Room heater (bb no rads),Bottled gas,Decorative,old system,Room heater,"Decorative Fuel Effect gas fire, open to chimney",C,20,1,1,612,rd,0,20,room_heater,chimney,bottled_lpg,FALSE,1985
Room heater (bb no rads),Bottled gas,Flueless,old system,Room heater,"Flueless gas fire, secondary heating only",none,90,1,1,613,rd,0,90,room_heater,notapplicable,bottled_lpg,FALSE,1985
Room heater (bb no rads),Bottled gas,"Coal effect fire, flued",1998+,Room heater,"Flush fitting Live Fuel Effect gas fire (open fronted), sealed to fireplace opening",OF,40,1,1,605,rd,0,40,room_heater,openflue,bottled_lpg,FALSE,2005
Room heater (bb no rads),Bottled gas,Balanced,1998+,Room heater,"Gas fire or wall heater, balanced flue",BF,58,1,1,609,rd,0,58,room_heater,balancedflue,bottled_lpg,FALSE,2005
Room heater (bb no rads),Bottled gas,Closed,1998+,Room heater,"Gas fire, closed fronted, fan assisted",BF,72,1,1,610,rd,0,72,room_heater,balancedflue,bottled_lpg,FALSE,2005
Room heater (bb no rads),Bottled gas,Condensing,1998+,Room heater,Condensing gas fire,BF,85,1,1,611,rd,0,85,room_heater,balancedflue,bottled_lpg,FALSE,2005
Room heater (bb no rads),Bottled gas,Decorative,1998+,Room heater,"Decorative Fuel Effect gas fire, open to chimney",C,20,1,1,612,rd,0,20,room_heater,chimney,bottled_lpg,FALSE,2005
Room heater (bb no rads),Bottled gas,Flueless,1998+,Room heater,"Flueless gas fire, secondary heating only",none,90,1,1,613,rd,0,90,room_heater,notapplicable,bottled_lpg,FALSE,2005
Room heater (bb no rads),Bottled gas,"Coal effect fire, flued",pre 1998,Room heater,"Flush fitting Live Fuel Effect gas fire (open fronted), sealed to fireplace opening",OF,40,1,1,605,rd,0,40,room_heater,openflue,bottled_lpg,FALSE,1995
Room heater (bb no rads),Bottled gas,Balanced,pre 1998,Room heater,"Gas fire or wall heater, balanced flue",BF,58,1,1,609,rd,0,58,room_heater,balancedflue,bottled_lpg,FALSE,1995
Room heater (bb no rads),Bottled gas,Closed,pre 1998,Room heater,"Gas fire, closed fronted, fan assisted",BF,72,1,1,610,rd,0,72,room_heater,balancedflue,bottled_lpg,FALSE,1995
Room heater (bb no rads),Bottled gas,Condensing,pre 1998,Room heater,Condensing gas fire,BF,85,1,1,611,rd,0,85,room_heater,balancedflue,bottled_lpg,FALSE,1995
Room heater (bb no rads),Bottled gas,Decorative,pre 1998,Room heater,"Decorative Fuel Effect gas fire, open to chimney",C,20,1,1,612,rd,0,20,room_heater,chimney,bottled_lpg,FALSE,1995
Room heater (bb no rads),Bottled gas,Flueless,pre 1998,Room heater,"Flueless gas fire, secondary heating only",none,90,1,1,613,rd,0,90,room_heater,notapplicable,bottled_lpg,FALSE,1995
Room heater (bb no rads),Bottled gas,"Coal effect fire, flued",Other,Room heater,"Flush fitting Live Fuel Effect gas fire (open fronted), sealed to fireplace opening",OF,40,1,1,605,rd,0,40,room_heater,openflue,mains_gas,FALSE,1995
Room heater (bb no rads),Bottled gas,Balanced,Other,Room heater,"Gas fire or wall heater, balanced flue",BF,58,1,1,609,rd,0,58,room_heater,balancedflue,mains_gas,FALSE,1995
Room heater (bb no rads),Bottled gas,Closed,Other,Room heater,"Gas fire, closed fronted, fan assisted",BF,72,1,1,610,rd,0,72,room_heater,balancedflue,mains_gas,FALSE,1995
Room heater (bb no rads),Bottled gas,Condensing,Other,Room heater,Condensing gas fire,BF,85,1,1,611,rd,0,85,room_heater,balancedflue,mains_gas,FALSE,1995
Room heater (bb no rads),Bottled gas,Decorative,Other,Room heater,"Decorative Fuel Effect gas fire, open to chimney",C,20,1,1,612,rd,0,20,room_heater,chimney,mains_gas,FALSE,1995
Room heater (bb no rads),Bottled gas,Flueless,Other,Room heater,"Flueless gas fire, secondary heating only",none,90,1,1,613,rd,0,90,room_heater,notapplicable,mains_gas,FALSE,1995
Room heater (bb no rads),Gas (mains),Gas fire,Not applicable,Room heater,"Gas fire, open flue, pre-1980 (open fronted)",OF,50,1,1,601,rd,0,50,room_heater,openflue,mains_gas,FALSE,1980
Room heater (bb no rads),Gas (mains),"Coal effect fire, flued",Not applicable,Room heater,"Flush fitting Live Fuel Effect gas fire (open fronted), sealed to fireplace opening",OF,40,1,1,605,rd,0,40,room_heater,openflue,mains_gas,FALSE,1980
Room heater (bb no rads),Gas (mains),Balanced,Not applicable,Room heater,"Gas fire or wall heater, balanced flue",BF,58,1,1,609,rd,0,58,room_heater,balancedflue,mains_gas,FALSE,1980
Room heater (bb no rads),Gas (mains),Closed,Not applicable,Room heater,"Gas fire, closed fronted, fan assisted",BF,72,1,1,610,rd,0,72,room_heater,balancedflue,mains_gas,FALSE,1980
Room heater (bb no rads),Gas (mains),Condensing,Not applicable,Room heater,Condensing gas fire,BF,85,1,1,611,rd,0,85,room_heater,balancedflue,mains_gas,FALSE,1980
Room heater (bb no rads),Gas (mains),Decorative,Not applicable,Room heater,"Decorative Fuel Effect gas fire, open to chimney",C,20,1,1,612,rd,0,20,room_heater,chimney,mains_gas,FALSE,1980
Room heater (bb no rads),Gas (mains),Flueless,Not applicable,Room heater,"Flueless gas fire, secondary heating only",none,90,1,1,613,rd,0,90,room_heater,notapplicable,mains_gas,FALSE,1980
Room heater (bb no rads),Bulk LPG,Gas fire,Not applicable,Room heater,"Gas fire, open flue, pre-1980 (open fronted)",OF,50,1,1,601,rd,0,50,room_heater,openflue,bulk_lpg,FALSE,1980
Room heater (bb no rads),Bulk LPG,"Coal effect fire, flued",Not applicable,Room heater,"Flush fitting Live Fuel Effect gas fire (open fronted), sealed to fireplace opening",OF,40,1,1,605,rd,0,40,room_heater,openflue,bulk_lpg,FALSE,1980
Room heater (bb no rads),Bulk LPG,Balanced,Not applicable,Room heater,"Gas fire or wall heater, balanced flue",BF,58,1,1,609,rd,0,58,room_heater,balancedflue,bulk_lpg,FALSE,1980
Room heater (bb no rads),Bulk LPG,Closed,Not applicable,Room heater,"Gas fire, closed fronted, fan assisted",BF,72,1,1,610,rd,0,72,room_heater,balancedflue,bulk_lpg,FALSE,1980
Room heater (bb no rads),Bulk LPG,Condensing,Not applicable,Room heater,Condensing gas fire,BF,85,1,1,611,rd,0,85,room_heater,balancedflue,bulk_lpg,FALSE,1980
Room heater (bb no rads),Bulk LPG,Decorative,Not applicable,Room heater,"Decorative Fuel Effect gas fire, open to chimney",C,20,1,1,612,rd,0,20,room_heater,chimney,bulk_lpg,FALSE,1980
Room heater (bb no rads),Bulk LPG,Flueless,Not applicable,Room heater,"Flueless gas fire, secondary heating only",none,90,1,1,613,rd,0,90,room_heater,notapplicable,bulk_lpg,FALSE,1980
Room heater (bb no rads),Bottled gas,Gas fire,Not applicable,Room heater,"Gas fire, open flue, pre-1980 (open fronted)",OF,50,1,1,601,rd,0,50,room_heater,openflue,bottled_lpg,FALSE,1980
Room heater (bb no rads),Bottled gas,"Coal effect fire, flued",Not applicable,Room heater,"Flush fitting Live Fuel Effect gas fire (open fronted), sealed to fireplace opening",OF,40,1,1,605,rd,0,40,room_heater,openflue,bottled_lpg,FALSE,1980
Room heater (bb no rads),Bottled gas,Balanced,Not applicable,Room heater,"Gas fire or wall heater, balanced flue",BF,58,1,1,609,rd,0,58,room_heater,balancedflue,bottled_lpg,FALSE,1980
Room heater (bb no rads),Bottled gas,Closed,Not applicable,Room heater,"Gas fire, closed fronted, fan assisted",BF,72,1,1,610,rd,0,72,room_heater,balancedflue,bottled_lpg,FALSE,1980
Room heater (bb no rads),Bottled gas,Condensing,Not applicable,Room heater,Condensing gas fire,BF,85,1,1,611,rd,0,85,room_heater,balancedflue,bottled_lpg,FALSE,1980
Room heater (bb no rads),Bottled gas,Decorative,Not applicable,Room heater,"Decorative Fuel Effect gas fire, open to chimney",C,20,1,1,612,rd,0,20,room_heater,chimney,bottled_lpg,FALSE,1980
Room heater (bb no rads),Bottled gas,Flueless,Not applicable,Room heater,"Flueless gas fire, secondary heating only",none,90,1,1,613,rd,0,90,room_heater,notapplicable,bottled_lpg,FALSE,1980
Room heater,Gas (mains),Not applicable,Not applicable,Room heater,"Gas fire, open flue, pre-1980 (open fronted)",OF,50,1,1,601,rd,0,50,room_heater,openflue,mains_gas,FALSE,1980
Room heater (bb no rads),Gas (mains),Not applicable,Not applicable,Room heater,"Gas fire, open flue, pre-1980 (open fronted)",OF,50,1,1,601,rd,0,50,room_heater,openflue,mains_gas,FALSE,1980
